{"proxies":{"ti.geofence.TiGeofenceModule":{"superPackageName":"org.appcelerator.kroll","methods":{"addGeofence":{"runOnUiThread":false,"hasInvocation":false,"args":[{"converter":"org.appcelerator.kroll.KrollConverter","defaultValueProvider":"org.appcelerator.kroll.KrollConverter","name":"data","sourceName":"data","type":"org.appcelerator.kroll.KrollDict"}],"apiName":"addGeofence","converter":"org.appcelerator.kroll.KrollConverter","defaultValueProvider":"org.appcelerator.kroll.KrollConverter","name":"__default_name__","returnType":"void"},"startWatching":{"runOnUiThread":false,"hasInvocation":false,"args":[],"apiName":"startWatching","converter":"org.appcelerator.kroll.KrollConverter","defaultValueProvider":"org.appcelerator.kroll.KrollConverter","name":"__default_name__","returnType":"void"},"removeGeofences":{"runOnUiThread":false,"hasInvocation":false,"args":[],"apiName":"removeGeofences","converter":"org.appcelerator.kroll.KrollConverter","defaultValueProvider":"org.appcelerator.kroll.KrollConverter","name":"__default_name__","returnType":"void"}},"superProxyClassName":"KrollModule","isModule":true,"genClassName":"TiGeofenceModuleBindingGen","superProxyBindingClassName":"org.appcelerator.kroll.KrollModuleBindingGen","proxyClassName":"TiGeofenceModule","proxyAttrs":{"propertyAccessors":[],"fullAPIName":"TiGeofence","name":"TiGeofence","proxyClassName":"ti.geofence.TiGeofenceModule","isTopLevel":false,"id":"ti.geofence"},"packageName":"ti.geofence","sourceName":"ti.geofence.TiGeofenceModuleBindingGen","constants":{"TRANSITION_ENTER":{"proxyName":"TRANSITION_ENTER","name":"TRANSITION_ENTER","type":"int","value":1},"TRANSITION_EXIT":{"proxyName":"TRANSITION_EXIT","name":"TRANSITION_EXIT","type":"int","value":2}},"isTitaniumSdk":false,"onAppCreate":"onAppCreate"}},"modules":{"ti.geofence.TiGeofenceModule":{"apiName":"TiGeofence"}}}