<?xml version="1.0" encoding="UTF-8"?>
<ti:module xmlns:ti="http://ti.tidev.io" xmlns:android="http://schemas.android.com/apk/res/android">
	<!-- Similar to tiapp.xml, but contains module/platform specific configuration in <iphone> and <android> sections -->
	<android xmlns:android="http://schemas.android.com/apk/res/android">
		<manifest>
			<uses-permission android:name="android.permission.ACCESS_COARSE_LOCATION"/>
			<uses-permission android:name="android.permission.ACCESS_FINE_LOCATION"/>
			<uses-permission android:name="android.permission.ACCESS_BACKGROUND_LOCATION"/>
			<application>

				<receiver android:name=".GeofenceBroadcastReceiver" android:enabled="true" android:exported="true" />

			</application>
		</manifest>
	</android>
</ti:module>
